{"red": [154.41432098765432, 155.0088888888889, 218.9920987654321], "orange": [10.088395061728395, 170.57037037037037, 254.99604938271605], "blue": [94.49432098765432, 232.82716049382717, 251.00148148148148], "green": [46.748641975308644, 156.61975308641976, 195.9516049382716], "white": [88.05728395061729, 27.35851851851852, 231.75061728395062], "yellow": [26.482469135802468, 223.8004938271605, 240.24592592592592]}